Row Labels,AddaJo00,AdkiJa00,AikeSa00,AlcoZa00,AlexRi00,AlexSh00,AlexSt00,AlstMi00,AndeCo00,AndeDa01,AndeDe00,AndeMi00,ArriJ.00,AskeB.00,AustMi00,AvanJa00,AyanOb00,BajeBi00,BakeCh00,BannAl00,BarbMa01,BarbTi00,BarlKe00,BarnDa00,BartMi00,BasaBr00,BaskHa00,BatcCh00,BattAr00,BechAn00,BellMi00,BellTa00,BennDr00,BennMi00,BensCe00,BergAd00,BerrBe00,BettLa00,BeveEr00,BiddTa00,BlakDw00,BlayDe00,BledDr00,BodiSh00,BoldAn00,BollBr00,BollKy00,BookMa00,BradCo00,BradKy00,BradMa00,BradTo00,BragMi00,BranDe00,BranJa00,BreeDr00,BronJo00,BrooAa00,BrouNe00,BrowCh03,BrowDe02,BrowRe01,BrowRo05,BrowTr00,BrucIs00,BrueMa00,BrunMa00,BryaAn00,BrysSh00,BuchWi01,BuckCo00,BulgMa00,BurlNa00,BurrPl00,BushRe00,ByrdDo00,CaldRe00,CalhBr00,CamaGr00,CampDa00,CampJa00,CampMa00,CarrDa00,CartDr00,CartJa00,CartRa00,CartRo01,CartTi00,CasoAv00,CassMa00,ChamCh00,ChatAn00,ChilBr00,CiesBr00,ClarBr00,ClarDa00,ClarDe00,ClayMa01,ClayMi00,ClemKe00,CobbCe00,CobbPa00,ColbKe00,ColeLa00,CollKe00,CollTo00,ColsMa00,ConwEr00,CookJa00,CoolCh00,CoppTe00,CotcJe00,CramCa00,CrayPa00,CribJo01,CrocZa00,CroyBr00,CrumAl00,CruzRo00,CulpDa00,CurrAi00,CurrRo01,CurtKe00,CurtTo00,CutlJa00,DaniOw00,DarlDe00,DaveNa00,DaviAn01,DaviRa00,DaviRa99,DaviSt00,DaviVe00,DaynRo00,DearJa00,DelhJa00,DevoTo00,DillCo00,DinkDa00,DorsDe00,DorsKe00,DrewMa00,DrivDo00,DrouRe00,DrumEd00,DuckT.00,DudlKe00,DugaJe00,DunnJa00,DunnWa00,DwigTi00,EcheAd00,EdwaBr00,ElliDe00,ElliJa00,EngrBo00,EspyMi00,EuhuTi00,EvanHe00,EvanLe00,EverKe00,FargJu00,FasaAn00,FasoCi00,FaulKe00,FaurCh00,FavrBr00,FeelA.00,FergRo00,FerrDi00,FinnJi00,FishTo00,FitzCa00,FitzLa00,FitzRy00,FletBr00,FloyMa00,FoscJo00,FostDe00,FranBu00,FranCh00,FrerGu00,FryeCh00,FurrMi00,GabrDo00,GadoSa00,GaffJa00,GageJu00,GainMi00,GallJo00,GantQu00,GarcJe00,GardRo00,GarrDa00,GateAn00,GilmBr00,GilmJo00,GiveDa00,GlenTe00,GoinNi00,GonzTo00,GordLa00,GoreFr00,GradBr00,GrahDa00,GrahEa00,GrayQu00,GreeAh00,GreeJu00,GreeSk00,GreeTr00,GrieBr00,GrifJu00,GrosRe00,HackD.00,HagaDe00,HakiAz00,HallAh00,HallDa00,HankCo00,HankKa00,HannRy00,HarrAr00,HarrJe00,HarrJo00,HarrKa00,HarrMa00,HartBe00,HassMa00,HaynVe00,HeapTo00,HedgMa00,HeidSt00,HellWi00,HendDe00,HendWi00,HenrCh00,HenrTr00,HerrNo00,HethCh00,HickMa00,HillIk00,HodgJa00,HoliCa00,HolmSa00,HoltGl00,HoltTo00,HoovBr00,HornJo00,HousCe00,HousKe01,HousTJ00,HuarDa00,HumpTo00,HurdSa00,JackCh00,JackDa00,JackMa01,JackNa00,JackSt00,JackTa00,JackVi00,JacoBr00,JacoTa00,JameEd00,JenkMi00,JennAd00,JennBr00,JennGr00,JennMi00,JohnAn02,JohnBe00,JohnBr00,JohnBr02,JohnCh01,JohnDa03,JohnDo00,JohnEr00,JohnJe00,JohnKe00,JohnKy00,JohnLa00,JohnRu00,JollDo00,JoneBr02,JoneJa02,JoneJu01,JoneKe02,JoneMa00,JoneMa01,JoneTh00,JoppBe00,JordLa00,JoseKe00,JureJo00,KarnMi00,KaspKe00,KellRe00,KennEd00,KighKe00,KilmEt00,KincKe00,KingJe00,KircDa00,KitnJo00,KleiJi00,KlopJo00,KozlBr00,KreiDa00,KuhnJo00,LawrNa00,LeacMi00,LeacVo00,LeexDo00,LeexRe00,LeftBy00,LeinMa00,LeliAs00,LemoCl00,LewiDe00,LewiGr01,LewiJa00,LewiMa00,LewiMi00,LloyBr00,LookDa00,LoreJa00,LosmJ.00,LundWa00,MadsJo00,MaheRe00,MangKr00,MannEl00,MannMa00,MannPe00,ManuBr00,MaroLa00,MarsBr00,MartDa00,MartIn00,MartJa00,MartJa01,MartRu00,MasoDe00,MassCh00,MassTi00,MathJe00,MaysLe00,McAfFr00,McAlDe00,McCaJu00,McCaKe00,McCoJo01,McCrFr00,McDoSh00,McGaWi00,McHuSe00,McInCo00,McKiJa00,McMiRa01,McMuBi00,McNaDo00,McNaSt00,McNeRe00,MiliIt00,MillBi00,MillHe00,MinoTr00,MireBr00,MoatRy00,MoorAa00,MoorCl00,MoorDa00,MoorLa00,MoorMe00,MoraJo00,MoreSe00,MoreVe00,MorgQu00,MorrMa00,MorrSa00,MortCh00,MoslKe00,MossRa00,MossSa00,MossSi00,MoulEr00,MughOv00,MuhaMu00,MurpMa00,MustCh00,NallCr00,NancMa00,NashDa00,NavaJo00,NealLo00,NeufRy00,NorrMo00,NortDe00,NorwJe00,OsgoKa00,OwenCh00,OwenJo00,OwenMo01,OwenRi00,OwenTe00,PalmCa00,ParkEr00,ParkSa00,ParkWi00,ParrJo00,ParrRo00,PassPa00,PattDa00,PearAl00,PeelJu00,PennCh01,PerrBr01,PerrCh00,PerrTa00,PeteAd00,PinnAn00,PinnAr00,PittMi00,PlumJa00,PoliLo00,PollMa00,PondWi00,PopeLe00,PopeP.00,PortCl00,PortJe00,PricPe00,ProeRi00,PutzJe00,RackDe00,RadeJa00,RamsPa00,RandAn00,RattTi00,RectJa00,ReedJo01,ReidGa00,ReidWi00,RhodDo00,RichTo00,RivePh00,RobeJa00,RobiKo00,RobiMa00,RobiMi00,RobyCo00,RodgAa00,RoetBe00,RomoTo00,RoseSa00,RossCo00,RossDe00,RoyaRo00,RunnJ.00,RussCl00,RyanSe00,SappCe00,ScaiBo00,SchaMa00,ScheTo00,SchlCo00,SchoMa00,ScobJo00,SeidMi00,SellMi00,ShelDa00,ShelEr00,ShepEd00,ShiaVi00,ShipMa00,ShocJe00,SimmCh00,SimsJa00,SmitAl02,SmitAl03,SmitBr01,SmitJo00,SmitL.00,SmitMu00,SmitPa00,SmitRo01,SmitSt01,SmitTe00,SnowJu00,SorgJi00,SoweJe00,SpurMi00,StalDo00,StalDu00,StecAa00,StevJe00,StewTo00,StLoBr00,StokBr00,StovMa00,StroMa00,StutBo00,SuggLe00,SypnQu00,TapeTh00,TaylCh01,TaylCh02,TaylFr00,TaylTr01,TestVi00,ThomAn01,ThomDa02,ThomTy00,ThorAn00,ThraJa00,ToefLa00,TomlLa00,ToomAm00,TrouBe00,TuiaMa00,TumaJe00,TurnMi00,TuttSt00,TyreDa00,UtecBe00,VickLa00,VickMi00,VoleBi00,WadeBo00,WakeFr00,WalkAa00,WalkHu00,WalkJa00,WallCo00,WallSe00,WaltAn00,WaltKe00,WaltTr00,WardDe01,WardHi00,WarnKu00,WarrPa00,WashKe00,WashLe00,WashNa00,WatsBe00,WatsKe00,WaynRe00,WebbJe00,WeekMa00,WeinCh00,WelkWe00,WestBr00,WhitAl00,WhitCh02,WhitLe01,WhitRo00,WiggJe00,WilcDa01,WilfEr00,WilkTe00,WillBr01,WillCa02,WillDe02,WillDe03,WillMi03,WillRa01,WillRe00,WillRo04,WillRo05,WillSh01,WillTr01,WilsCe00,WilsKr00,WilsQu00,WilsTr00,WimbDe00,WinsKe01,WittJa00,WrigAn00,WrigGe00,WrigJa01,WrigWa00,YodeTo00,YounKe00,YounVi00,YounWa00,ZeleJo00
1,4.8,,0,,,5.2,2.4,2.8,0.9,,,2.5,1.1,0,,,0,0,9.4,,2.6,17.1,9.5,0,0,,0,22.36,1.7,2.7,14.8,10.3,10.6,0,3.4,7.8,10.9,5.3,0,,0,4.6,8.14,,12.2,,-0.2,6.4,3.6,0,,12.82,,,,8.6,,5.42,,6.8,,8,18.2,7.8,6.4,0,7.22,11.4,0.4,,4.9,8.38,3.6,14,11.9,,3.3,-0.1,,3,,0,14.82,7.3,,0,0,0,,,5.9,,0,,,9.9,7.7,1,3.4,,,,3.2,15.3,4.92,,10.9,0,0,-0.3,0,12.5,0,0,0,0,,8.7,0,7.28,0,2.1,0,,,0,0,,0,,0.8,0,9.7,,0,5.44,0,9.5,0,,,0.8,9.6,2.7,0.6,,0,,0,14.2,,,2.3,0,,5.2,,0,0,2.5,0,3.5,0,0,9.8,0,2.8,,1.7,,0,6.1,,13.3,,0,0,,7.4,0,,,15.68,5.5,,-0.2,,,0,0,,,,,8.6,4.1,0,2.7,8.1,0,14.1,,29,0.16,2.3,0,,13.2,0.2,,3.7,,2.2,12.28,1.4,1.4,,,3.4,,0,0,,1.4,,,11.3,,9.9,0.3,4.6,0,0.7,0,4.4,,-0.5,14.4,1.6,0,0.7,0,,,0.6,,8,0,2.5,,0,,10.4,,,,4.7,,0,14,,0,11.4,0,14.6,13.7,,0,0.5,0.6,10.1,,12.82,5.1,6.2,,,0.2,0,4,0,14.8,16.3,0,0,0,17.1,8,6.5,0,6.14,,2,0,0,0.1,,0.8,2.3,,0,,,0,9.16,0.8,0,,0.4,,,0,0,2.5,0,18.18,,0.5,,0,2.4,13.8,,,0,0,,6.56,3.1,,,2.4,15.88,,13.04,0.8,8.6,,0,,0,0,0,5,0,,,,,9,3.4,1.8,0,,0,9.4,,,3.6,1,2.2,23.26,11.64,,2.4,,16.1,0,,0,0,,0,,-0.1,0,0,1.9,,2.9,,2.2,,4.7,9.7,,12.8,0,10.2,,0,,,,,0.6,0,,3.7,6.6,0,0,,0,0,14,4.98,5.6,2.4,12.8,0,2,,0,,1.6,21.46,0,,4.4,0,0,,0.6,-0.48,0,2.1,0,0.9,,11,,2.5,,2.6,,,,4.1,,0,4,,,10.3,0,8.52,,,8,0.7,,,,0,,,,1.4,,0,1,,1.2,0,0.9,0,0,0,0,0.2,0,,,0,0,11.9,-0.38,,1.8,15.52,2.6,,5.6,1,0,3.4,,0.2,0,,0,,20.1,0,,,0.7,0,,,3.2,,0,0,1.5,19.1,,17.5,2.4,,10.5,0,0,,1.9,-0.5,20.9,4.1,2.3,,,9.7,,0,2.1,0,18.4,,7.6,,0,,4.1,,0,1.62,0.8,7.5,,11.3,24.04,,1,0,10,5,7.5,6.7,0,,,6.7,19.2,1.2,,,0.5,2.9,11.2,5.8,0,,4.7,0.8,0.9,,0.7,10.7,3.6,0,,7.7,0,0,,,0,12.3,3.3,,2,,,,0,-0.92,,0
2,16.4,0,0,,,15.8,0.8,1,2.6,,,10.1,0,0,,,1.7,0,0.5,,12.5,10.8,4.6,1.3,0,,2.5,,7.8,1,5.6,7.6,10.5,1.9,2.5,1.7,14.9,9.7,0,,0,2.7,17.48,,6.2,,,3.3,0,,0.5,10.7,,,,19.72,,0,,0.9,0,8.3,12.2,5.1,7.7,6.1,7.38,19.1,0.5,,1.5,11.3,0.7,17.4,7.3,,1.4,0,,2.3,,3.3,21.76,4.1,,6.4,0,2.2,,,11.8,,,,,2.6,14.5,3,6.2,,0,,0,16,-1.72,,11.8,0,3.4,2.3,0,18.1,0,7.4,1.1,0,,2.2,0,12.7,,3.1,1.3,,,10.5,,,0,,3.1,1.8,0,3.7,0,7.24,,14,,,,1,16.9,12.2,0.8,2.4,,,0.7,13.4,,,11,,,5.5,,,0,1.9,0,0.1,3.9,,1.9,0.6,23.6,,6.4,,1.1,0,,5.2,,7.5,0.9,,4.3,1.8,,,12.76,6.7,0,3.9,,,0,16.1,,,,,5.5,1.4,12.8,2.7,15.4,,0.7,,19.7,,2.9,0,,9,0.1,,,0.1,0,27.56,0,0,0,,0.6,,0,,,1.7,,,12.7,,8.64,3.2,7.7,0,1.3,0,11.1,0,11.3,,7.1,0,0,5.3,,,1.5,,9,0,8.8,,0,,4.92,,0,10.2,18.7,,,12.4,,7.5,3.5,0,9.7,1.4,0,0,12.7,,11.6,,8.12,10,13.8,,,0,0,10.6,4.3,16.7,26.8,0,1.8,,9.4,8.2,7.3,0,6.6,,3.5,,,,,3.5,3.9,,0,,,2.6,15.3,0.7,3.4,,,,0,0,,0,0,8.8,,2.2,,,2.5,7,,,0.6,0,,8.32,2.5,0,,0,24.84,,28.2,0.4,12.5,0,4.4,,0,0,0,4.6,0,,,,,19.1,5.1,6.6,,6.4,0.8,9.7,,1,1.5,3.4,1.7,25.1,8.72,,0,,1.1,0,,0,1.7,0,,0,2.4,0,,0,,5.2,,0,,3.2,8.8,0.4,5.9,0,5.9,,0,0,,,,0.1,0,,3.4,5.7,0,0,,0,7.6,1.9,18.18,2.5,3.7,2.6,0,0.4,,0,1,0,18.44,,,4.1,0.1,,0.2,1.7,4.72,0,1.9,0,0,,,,1.2,,1,0,0,,0.3,,,9.9,,,11.9,1,14.4,,0,0,0.1,,,1.64,0,,,,0.3,0,0.9,0.6,0,5.3,0,0,0,1.1,0,0,2.8,0,,0.7,0.9,0,1.7,6.82,,0,13.22,0,,11.1,5.7,0,1.1,,0.3,0,0,,,14.1,,2.1,,0.9,0,7,,9,0,2.5,0,1.1,12.8,,12.1,6.5,,0.4,2.9,0.5,,0,,24.2,25.7,0,,1,15.5,,0,2.6,0,24.38,,0,,0,,10,,,0.78,0.4,1,,2.9,11.34,,13.7,0,3.2,3.9,1,13.5,0,,,4.1,18.4,4.5,7.4,2.5,1.8,2.4,0,2.7,0,,3.7,15.8,0.9,,2.8,9.5,7.1,1.7,,10.2,1.2,0,,,,4.2,4.5,,3,-0.1,,0,,10.64,,
3,2.8,,0,,,11.9,2.4,0.9,,,,0,0,0,,0,0,0,7.5,,,7.8,9.1,0.9,0,,0.8,,2.8,0,1.2,14.2,8.4,,,0,7,21.1,0,,0,,,,12.9,,,5.4,0,0.6,0,17.5,,3.1,,7.74,,,,,,10.6,10,4.1,7.9,6.2,14.44,3.6,10.6,,4.1,16.26,10.2,2.3,7.2,,4.6,0.7,,5.3,,0,14.62,1.4,,0,1.5,10.3,,,7.8,,,,,9,3.1,6.8,1.4,,,,1.6,7.8,10.76,,9.7,0,0,1.8,0,3.3,0.6,,0.6,,,4.9,,13.22,,,0.7,,,6.2,,,0,10.8,10.8,0.4,0,7.1,0,16.08,,1.6,,,,19.5,7.9,,0,,,,,4.6,0.5,,17.6,,,12.2,,,0.3,10.7,0,,,,4,0,25.1,,1,0,0,1,0,12.5,,0,,,8.9,3.9,,,20.52,3.8,12.5,0,,,0.7,6.8,0,,,,,7.5,0,4.7,,,,,7.4,0.64,1.9,0,,19.1,0,,,,3.1,10.82,,0,1.5,,,0,0,,,0.3,,,9.4,,23.08,5.7,9.6,0,1.8,8.8,8.6,1.3,18.9,7,2.5,,4.5,1.6,,,3,,18,2.3,4.7,7,0,21.4,,0,,,17.7,,,12.1,,,1.8,,15.9,2.3,0,0,16.1,2.2,15.2,,7.76,5.1,1.1,,,14.7,0,22.1,0,,5.7,0.7,0,,,18.5,0,0,6.5,,,,,0,,0,,,0,,,3.6,21.48,0.3,0,,0,,0,0,,3.2,,11.68,,4.8,,,3.1,8.6,0,,2,0,,22.52,0,,0,0,17,0,18.76,,7.9,0,0.8,,0,,,13.2,0,,,,,9.4,0,,,0,1.6,15.3,,,0,1.5,2.1,19.94,14.36,,,,3.4,0,,1.6,0,,,0,4.1,,0,0.3,0,1.8,,0,,,5.2,,2.7,0,11.8,,0,,,,,,0,0,3.2,0,,,,0,0,,20.22,,,26.6,0,16.4,,2.5,0.5,0,12.12,,,,0,,0,2.8,19.14,,0,0,0,,28.4,,5.3,,1.2,0,,,10.1,,,4.5,0,,4.8,0.7,,,2.4,,15.2,,,2.22,,,,,2,,,0,0.3,11.3,0,0,0.7,6,0,0,0.9,0,0,0,0.5,0.3,5.8,13.66,,7.2,19.62,0,0,7.9,2,0,4.4,11.2,0,0,,0,,,,0,,0,0,,,3.6,0,0.7,0,0,8.9,,7.3,8.2,,0.1,0,,,0,,,8.9,4.1,,0,,,13.2,,2.9,11.18,,1.7,,1.6,,25,,,,0,0,,1.7,9.24,,0,7.7,0.8,5.4,4.4,8.2,,,,5.9,34.4,,,0.4,0,0.9,1,3.2,0,0,12.4,-0.1,0,0,,0.8,19.8,0.9,,3.9,8.7,,0,0,,9.2,,0,2.5,3.4,,0,,,,0
4,15.9,,0,,,,,,0.8,,,0,-0.2,0.5,,0,0,0,0.6,,13.3,,15.5,0,0,,2.7,,3.4,,,,1,,3.7,0.4,17.3,4.1,0,,0,,13.16,0,4.2,,,4.3,,0,,15.62,,5.7,,18.16,,,,3.3,0.8,7.1,11.1,0,16,0,23.16,2.9,3,,8.8,25.02,1.9,,7,,2,,,0.2,,0.6,16.4,6.4,,,0,,,,10.2,0,,,,1.4,3.9,3.4,,,,,0,8.1,,,19.2,3.7,0.6,7,3,12.5,0,0,0,0,-0.3,3,1.5,13.96,,2.7,2.5,,,0,,,0,0,,2.6,,6.9,0,14.46,,12.7,6.3,0,,11.6,5,12.4,0,,,,0,6.5,3.1,,7.5,,,3.3,,,1.2,9.2,0.1,5.4,0,,1.9,1.1,4.2,,0,0,,1.2,0,7.1,,7.9,9.1,0,17.1,3.2,,,15.48,20.2,11.7,1.3,,0,0,,,0.1,0,,4.1,0.6,0,0.6,19.6,0,5.9,,7.9,,9.4,,,,0,,,0,-0.2,17.48,,0,2.1,0,7.3,0,0,0,,0.9,,,7.9,,5.74,,12,0.1,0.6,0,,0,,,0,,0.2,,0,,,,16.2,0.3,6.3,5.4,0,9.5,16.72,0,0,1.9,6.2,,,20.6,,0.6,,,7.2,2.8,0,0,8.6,,16.1,,12.48,0,6.4,,,1.4,0.6,6.3,,26.2,15.1,,1.8,0,18.2,21.7,1.3,,22.7,,20.1,,8.2,0,,0,14.6,,0,,0,,15.2,0,8.3,,,,0,,,0,0,23,-0.54,6.1,,0,19.5,3.4,4,,4.9,0,,14.66,,0,1.9,0,,,18.78,0.5,26,,0,,0,,,3.7,0,,,,,10.7,0.2,0,,0,0,14.2,,,1.3,5.4,0.9,36.22,11.42,,1.5,,,0,0.9,2.2,0,,,1,3.8,0,,11.8,,3.7,,,,6.5,31.8,,7.6,0,10.5,,,,,,,3.1,0,-0.7,1,16.6,0,,,0,0,8.8,9.8,3.7,0.9,,0,2.5,,0,0,0.7,11.48,,,,0,,0,,,0,0.2,0,3.2,,20,,10,,0,0,,0,2.6,,,4.3,1.9,,13.5,3.1,7.8,,2.3,13.8,1.3,,0.56,,0,,,,1.3,,,0.6,,4,0,,0,1.1,0,,0.6,0.6,,1.3,,0,,,,,0.78,0.4,0,3.8,1.5,0,,14.7,0.9,0,0,,,2.6,,1.5,,1,0,,,2.9,0,0.7,0,0.5,3.7,,2.3,3.3,,0,0,7.8,,0,,10.5,,9.9,,,4.6,,,1.6,0,14.22,,4.5,,0,,,,0.24,5.92,2.5,0.2,,,2.52,,2.8,4.1,,3.5,2,7.4,,0.8,,5.5,,0.7,,3.9,2.6,5.9,7.7,3,0,0,,7.1,0.6,,0.8,21.3,13.9,0,,2.7,,0,0.2,,,9.1,1.9,0,5.3,0.9,,0,,6.5,,0
5,7.7,0.9,0,,,,0,6.3,6.8,,,3.1,0,0.5,,0,0.9,0,0,,10.8,13.9,-0.2,0,0,,17.2,,15.7,1.3,0,9.9,0,,18.2,0,15.7,1.7,,,,0,11.32,0,13.2,,,2.2,,0,,13.3,,,,10.54,,,,,0.2,13.9,9.6,11.8,2.3,,4.36,2.7,1.4,,1.6,17.8,,12.9,8.6,0,0.5,0,,7.2,,0,,0,,,0,4.4,,,4.7,,,,,1.5,1.2,2.7,3.4,0.2,,,0,1.9,,,3.8,7.4,,4.1,0,4.9,0,1.8,1.8,0,,,2,,,9.4,8.7,,,,,3.2,0,10.1,,1.4,,,0,10.7,,4.5,0,0,,17.9,2.4,6.8,0,,,,0,,0,,2.7,,,,,,7.1,15.4,0,6.8,0,,1.4,0,12.8,,,,0,5.1,,7.5,,,7.8,,11.8,1.6,,,4.12,4.1,0.7,,,1.7,0.8,17,,,1.7,0,11.5,0,0.7,,6.1,0.3,2.5,,17.2,18.9,,0,,,0,,,0.96,,15.28,,1.7,9.2,0.4,2.2,0.2,0,,,2.4,5.28,,8.9,,,2,2.1,0.1,2.1,,,0,,13.3,18.6,,9.3,3.4,,,2.2,,10,0,4.8,,0,,19.42,0,0,0,,,,11.8,,1.3,4.1,,11.5,,,0,16.5,,,,9.94,8.2,,,,2.3,,12.7,0.4,20.2,,0,4,0,12.2,5,,0,12.3,,8.1,,2.8,0,,,5,,,,0,0,13.8,1.2,2.4,,0,,0,0,,,0,13.8,16.52,,,,3.2,4.4,0,,0,0,0,3.4,,1.3,0,2.1,14.84,,13.44,0,3.8,0,0.4,,0,,0,4.5,0,,,,,19.1,0,3.7,,,3,6.5,,,0,8.4,0,28.26,2.1,,,,2.2,0,0,0.2,0,0,,0,3.8,0,0,2.4,0,,0.5,0,,11.2,3.9,,,0,1,,0,,,,,0.2,0,0.7,1.1,,0,0,,0,0,4.5,,8.6,9.7,14.3,,0,,,,0.6,-1.46,,,,0,,1.3,5.8,7.34,0,0.4,,0,,7.6,,0.6,,,,,,1,,,0,0,0,11,1.8,18.08,,4.2,2.5,2.1,0,,4.8,0,,,,0,,,0,1,0,,0.7,1.3,1.6,,,0,0,,,1.8,0,1.3,,,7.6,17.6,0.4,,6.3,6.7,,9,6.9,0,0,,,,,,0,,,,5.7,0,,,0,0,-0.1,15.4,,20.3,10.4,,0,1.1,0,,0.4,,7,8.1,0.2,2.98,0,5.6,,0,,0,,,0,,0,0,6.1,,,7.66,,3.2,,4.9,,,,10.9,4.5,3.3,,8.4,0,,,7.7,14.6,0.6,,5.5,,2.2,1.8,4,,0,12.5,0.4,0,0,1.9,12.2,0.7,0,,1.1,1.7,1.3,,,0,5.5,5.1,,7.3,0,,0,,10.82,,0
6,,,0,,,,0,1,5.6,,,0.7,3.3,1.2,0,0.7,1.6,0,3.9,,11.7,22.7,4.8,0,0,,0,0.04,3.9,1.2,0.2,15.4,6,,1.2,0,3.1,1.6,0,,0,0,14.72,0,19.6,,21.74,,,,,,0,21.5,,18.9,,,,0.6,0,25.6,18.7,,4.5,0.5,9.5,7.8,0,,1.5,24.4,0,4.4,6.1,0,,0.5,,0,,0.7,2.62,12.5,,,0,1.5,,,12.1,1.3,,,,,6.1,22.1,11.5,,,,0.8,22.6,,,10,0.6,0,8.7,0,0.6,0,6.1,,1,-3.08,6.6,0.4,,,0,5.2,0,,1.7,,13.8,0,2.7,,,,1.8,0,18.4,,,,,,,,,0,,,,0.6,20.6,0.9,,,0,,,,,,8.2,0,1.1,0,,,0,,,,,0.6,0.5,,,,,0,,7,,,,,3.9,,3.1,,0,0,6.9,,,0,,13.8,10.6,0,,4.7,3.4,1.5,,9,15.26,,0,,,1.2,0,,,2.2,-2.94,6.6,6.6,1.4,0.2,,,0,,,,10.54,,,,24.92,3.3,11.5,0.2,,0,,,,24.1,,,2,0,,0,7.1,,33.4,0.9,23,,0,16.2,4.48,,3.3,,15.4,,,15.6,,9.3,11.3,,6.2,3,0,0,,2.1,7.5,,,7.7,9.9,,,2.9,0.2,4.6,0,9.2,5.2,0,9.4,0.8,10.6,22.3,,,5.7,,7.6,,,0.2,,2.7,5.7,,0,,0,0,13.42,,3.7,,0,,1.7,0,,,0,,17.28,1.4,,,1.1,5,,,5.2,0,,15.88,,0.5,,0.3,11.2,,,0.3,,0,,,0,,,0,0,,,,,10,0,6.5,,0,2.8,8,,,-0.1,7.2,,15.88,-1.84,,1.8,,1.6,0,,0.7,,,0,,,0,0,,0,8,0.9,0,,8.6,8.3,,4.4,0,0.2,,0,,,,,1.8,6.4,6.2,,1.1,0,,,,,22.5,14.54,8.8,7.2,21.8,0,10.8,,,,,14.9,,,,0,,,3.1,7.08,,2.2,0,0.9,,19.5,,2.7,,1.2,0,0,,3.4,,,2.4,0,,,,21.56,,,,0.2,0,,17.52,5.4,2.8,,0.8,0.8,,0.5,0,0.4,0.6,0,0,0.6,4.1,0,,1.5,0,0.1,0,0,0,17.5,,,7,14.56,0.1,,10.8,0.3,,1.2,24.9,,,,,,,,2.3,,0,0,,,1.8,0,,0,0.6,,,,,,0.3,,0.7,,0,,37.5,1.8,0,,0,0,,0,,,16.96,,3.6,,0,0,10.4,,,5.56,1.5,2.5,,11.9,,0,0,5.8,12.8,,1.8,,2.3,0,,5.6,7.5,3,-0.1,,2,,2,,,0,10.4,,3.5,,0,,22.1,2,,,4.2,0.6,0,,,,1.7,,,,,0,,11.34,,
7,10.5,,0,,,,0,0,5.5,0,0,,0.8,0,,2.1,1,,1.6,,4.6,14.6,10.9,0,0,,3,15.8,,0.1,2.5,18.6,,,,0,,9.3,0,,0,,8.54,,6.3,,,17,,0,,16,0,6,,,,,,,0,13.7,12.2,2.1,,0,17.04,,,,3.1,,0,15.4,,,2.7,2.8,,2.2,,,18.16,0,,,0,1.4,,,2.9,0.9,,,,10.1,,,3.4,,,,0,4.4,,,,,2.4,10.2,,8.9,,12.9,3.2,6.4,,29.7,,,,2.2,,0,,8,,-0.1,0,,,,,,0,15.52,,16.7,0,0,,12.8,15.9,6,0,0,,,0,12.9,0.4,,0.6,3.1,,,,,0,1,0,6.6,1.6,,0.8,0,17.64,,,,0,,0,,,2.8,1.9,,7.9,1.8,1.2,,8.06,16.9,10.5,4.2,,,0,0,,,0,,12.3,,,,4.1,8.1,13.8,,,5.26,,0,,17.8,,,,,1.6,,3.7,11.3,0.6,,0.9,1.8,0,,0,,18.86,,19.3,,9.08,1.3,,,1,0,,,,,0.5,,,0.7,0,0,9.1,0,,2,,,,12.1,17.08,0,0,10.9,19.6,,0,,,0,10,,3.8,8.5,0,,1.4,0,16.6,0.4,11.04,8.7,7.3,,,,0,4.1,,28.1,10.5,0,,,5.5,20.3,,,,,,,10,,,9.4,9,,0,,0,0,20.46,0.3,,,0,,,0,0,0,7.6,5,4.62,5.8,,,0,,0,,3.7,,,6.98,16.8,0,,7.1,13.66,,29.58,8.4,3,8.2,9.1,,,,2.5,,,,,,,,10.4,5.1,,0,,12,0,,,7.7,0.9,25.68,,,0.3,,6.4,0,1.3,0,,,0,,5.1,0,1.4,1.2,0,5.8,4.9,0,,18.9,2,,1.6,,,,0,,,,,1,0,,,6.9,0,0,,0,1.5,15.8,18.2,3.9,1.7,4.7,0,0,,,,0,9.76,,3,,,,0,3.7,9.36,,0.9,0,0,,6.4,,5.3,,,0,0,,6.1,,,3.3,,,3.2,0,16.84,,,13.7,,,,21.32,11.98,,,,3.6,,,0.9,0,,0,0,,0.8,0,,0.5,0,0,-0.1,0,-0.1,8.3,,,0.6,,1.6,,3.8,,,6.9,12.6,0,0,,,,,,,0,3.3,0,,,1.9,0,,,7.5,24.8,,10.3,2.5,,0.2,0,0,,7.8,0,23.84,2.6,,2.64,2.1,1.8,,0,5.2,0,25.38,,,,,,10.7,,1.46,12.52,2.8,3.8,,35.1,,2.6,,25.7,13.6,6,0.1,18.2,0,0,,3.8,27.4,2.4,,,1,7.5,,2.6,0,,9.3,,,,0,0.8,8.9,,,1.8,5.4,7.3,,,0.1,3.4,7.2,,0.3,0,,0,,,,0
8,13,,,,,,0,0,0,0,,,0,0,,0,,0,1.7,,17.6,8.8,2.4,,0,,0,,3.2,1.6,26.3,2.7,2.3,3.8,8.9,0,4.1,,0,,0,,,0,4.7,1.04,,,,0,,28.98,0,4.5,,21.92,,,,,0,1.3,,7.2,10.5,0.9,,10.4,,,1.5,21.08,2.1,14.6,0.1,,14.4,,,,,4.2,3.12,0,,,,0,,-0.1,,,,,0,6.8,20.6,1.7,0.4,,,,0,4,,,28.3,,2.3,,2.5,5.1,0,1.3,1.4,1,,13.2,,,,0.9,13.9,0,,21.9,,0.1,,0,,1.8,,3.3,0,3.96,,3.2,0,0,,9.7,4.8,19.2,,,,,0,7.3,0,,2.1,,,,,,3.5,,,5.5,1.1,,2.3,,16.7,,,,0.8,2.9,,,,0.9,0.5,,14.1,0,0,,9.54,,8.3,,0.4,0,2.1,3.2,,,0,7.08,6.6,0,0,,4.9,1.1,11.6,,12,7.36,,0,,25.3,0,,,0.24,7.4,22.08,8.5,,,0,0,0,0,,,,,,3.8,,,1.5,10.7,0,2.3,0,0,0,14.1,2.9,1.2,,0,0.3,,0,4.3,0,4.8,0,18.6,,0,7.6,16.28,0,0,7,12.4,,,19.9,,0,10.1,,16.9,11.3,0,0,,0,13.8,1.8,2.3,0.9,13.8,,,4,0,1.9,0,42.1,11.4,,0.3,,15.2,,3.2,,19.4,,2.1,,0,0.9,,0.8,13.2,,0,,,4.5,,0,0.3,,2,,0,0,0,0,-0.2,,8.48,5.5,,,0.4,10.9,0,0,,0,,,14.9,0,0,1.4,10.06,,25.7,0,6.7,0,10.8,,0,,2.6,6.7,0,,,,,1.9,0,2.2,,0,6.7,,,,3.7,,1.5,10.14,22.66,,0.4,0,1,,3.1,,,6.1,0,,10,,0,10.1,,2.5,,0,,2,,,3.5,0,12.5,,0,,,,,0,,0,,7,0,,,0,0.1,10.7,19.34,5.7,1.2,17.1,1.1,,,,0,,1.22,,2.3,,1.8,,0.5,4,19.16,,,,2.2,,,1.9,,,,0,,,,,,,0,,4.3,0.9,12.64,,,,0.3,0.7,,8.54,14.6,18.14,,,,,,0,4.2,1.5,0,5.4,,0.4,0,,,,,0.8,1.3,0,1.5,,,1.2,7.7,0.4,,1.1,1.1,0,2.8,13.9,0.3,0,,,,5.6,,0.7,8,0.9,0,,,1.2,0,,0,0,4.9,,16.5,3,,,1.2,0,,,,42,1.2,1.2,,0.2,8.8,,0,1.2,0,29.14,,9,,0,0,10,,18.02,0.04,0,11.4,0,8.1,,0,,5.1,4.9,15.5,0.3,31.8,0,0,,,10.6,0,,3.5,4.2,2.6,0.9,1.6,0,0,5.4,,1.2,,0,0.6,,,,4.4,5.3,2.6,,,0,13.6,14,,0.4,0,,,,17.88,,0
9,10.3,,,,0.5,,0,0,0,,,0.9,,,,,,0,,,7.3,21.5,,0,,,,,1.2,0,6.8,,11.1,1.4,3.4,,1,3.8,0,,2.5,,,0,,,,7.3,,0,,1.34,0,12.1,,25.46,,,,,0,,19,3.7,6.1,0,12.08,2.4,,,,19.26,0,,1.7,,2.1,0,,2.7,,1.6,15.44,,,,0,1.5,,,11.8,,,,0,4.2,3.8,7.3,4,,0.9,,,,,,18.3,,1.7,12.6,1.9,,0,8.4,0,1,,10.7,,,,1.7,11.9,,,3.4,,7.4,0,4,,3.3,,0.5,,,,17.3,0,0,,8.5,15.6,3.6,0,0,,,0,13.1,,,13.4,0,,,,,0,11.8,0,-0.2,1.6,,5.5,0,11.48,,,,0,0,3.5,,,0,0.8,,,0,,,14.34,7.2,4.5,,0,5.1,,21.7,,,0,20.48,2.2,0.7,0,,7.8,,18.3,,7.7,16.6,,1.2,0,13,0,0,,,0.5,6.4,5.8,0.7,,0.2,1.2,0,,,0,1.3,13.68,,26.5,,,,8.4,0,1.4,0,23.1,1.1,7.9,6.7,8.2,0,0,1,,,5.8,0,5,,,,0,12.6,17.92,0,0,0.9,3.6,,0,27.9,,1.1,4,,,2.6,0,0,6.9,1.2,8.3,1.6,3.84,,3.1,,0,1.5,0.9,,,23.2,14,0,0.8,0,7.3,26,6.6,,9.3,,7.3,,7.6,0.5,,1.6,1.9,,0,,,0,16.54,0,0.9,,0,0,,0,0,-0.5,1.7,,,3.5,,,,14.7,1.1,0,2.6,0,,8.28,5.9,0,,,8.86,,18.74,0,6.2,0,5.1,,0,,0,2,0,,,,,10.4,,6.4,,0,2.7,1.5,0.7,0,0.5,1.1,0,,10,,0.5,1.9,3.4,0,,,0,0,0,,0.3,,0,,,13.8,0.1,0,,7.6,,,2.4,0.3,10.2,,0,,,,,2.1,0,0,0.7,3.9,0,,,0,0.2,13.6,8.26,6.5,4.3,25.7,0,0,,,0.9,0.2,,,0.1,,0,,2.9,3,21.68,0,1.2,,,,15.3,0,1.4,,0,0,,,0.9,,,0.6,0,,1.3,3.5,8.14,,,,0.8,0,,16.22,19.46,,,,0.9,,,,0.7,7,0,0,,,0,,2.1,1.7,,0,0,,12.6,,,0.8,2.6,,,,4.6,0,10.6,,0,0,,,,,,0,0,0,0,,,3.6,0,,0,,14.1,,7.9,1.9,,16.1,0,,,5.2,,37.2,1.6,1.6,,0.7,2.1,,0,4.9,0,14.52,,0,,0,0,38.6,,15.94,6.54,1.1,,0,12.7,,0,,,2.4,5.4,0,9,,0,,7.4,,2.7,0,2.6,0,1.8,1.9,16.4,0,0,4.4,,3.1,,1.3,2.3,19.8,1.7,0,0.4,5.9,7.1,,,,7.8,5,,7.4,0,,0,,5.92,,0
10,18.4,,0,,,,4.9,1.9,0,,,0.3,0.4,0.9,0,,0,0,0.7,,13.3,15.7,14.2,0,0,,0,,5.5,0,,3.5,11.5,0,0.6,3,,9.1,0,,0,,,0,5.3,,,1.6,,0,13.9,12.12,,2.2,,21.32,,,,,0,1.8,14.6,1.5,6.6,,3.18,4.2,,,13.5,7.4,0,4.8,14.9,,15,,,9.2,,0.5,11.48,0,,,0,0,0,,6.8,,,,0,2.8,6.2,17.8,2.2,,,,0,2.9,0,0,16.9,,1.1,3.9,15.2,13.3,,16.4,1,4.4,,3.7,,,,1.1,2.2,0,,5.5,,0.7,0,2.6,,0.7,,,0,15.8,,10.3,0,0,,12.7,25.1,11.4,0,1.3,,,0,10.8,1.4,,9.1,0,,,,,0.8,7,0,1.5,0,,2.3,0,21.68,,,,0,,0,8,,1.3,16.9,,5.7,2.2,,,13.4,1.3,3,7.3,6.5,0,0.6,8.7,,,0,4.96,6.9,0,0,0,0,0,8.4,,23.3,9.12,0.6,0,,5.5,0,0,,,0,19.64,2,1.1,,1.2,3.2,0,0,,0,,8.64,0,2.1,,,,4.9,0.7,2.4,0,0,2.6,7.8,16.7,6.5,,3.8,9,,0,5.7,0,7.3,9.2,,,0,8.8,8.04,0,4.2,0.5,14.5,0.2,3.3,19.3,,1.8,12.9,,7.9,7.7,0,0,3.8,0,5.6,7.5,12.28,2.4,38,,,0.7,6.9,9.7,6.5,14.9,14.9,0,1,0,4.5,11.5,1.1,,18.3,,9.3,,0.4,0.9,0,3.1,5.8,,0,0.9,0,1.5,12.78,0,0,,0,0,,0,0,0,1,,12.44,0.9,,,0,5,0.6,0,4.7,0,,3.32,10.3,2.5,0,1,0.84,,13.24,13.4,3.7,0,1.2,,0,,4.7,12.4,0,0,,,,11.8,3.1,4.9,,0,0.7,,,0,0.7,3.4,12.4,19.48,23.82,,0,0.4,9,0,,,0,0,0,,7.2,,0,,,12.4,3.7,0,,0.8,1.7,,1.4,10.4,18.3,,0,0,,1.4,0,1.1,0,0,1.3,,0,,,0,0,15.6,29.9,1.4,1.8,34.5,,0,,,0,1.4,9.12,,3,,0,,0,0,11,,0.5,,0.7,0,3.1,0,1.3,,1,0,,,2.3,,,,0,,9.2,1.3,25.72,,,,0.4,0,,22.66,21.02,0.16,,0,0,,,0,1.5,12.1,0,,0,0,0,,1.8,0,,,0.4,0.7,1.5,,,1.8,6.94,0,,0.8,0.5,0,3.9,20.4,0.2,0,,0,,19.9,,7.8,8.9,2.6,0,,0,1.1,0,,0,0,9.5,,13.4,2.8,,10.9,0,,,0,,39.8,,0.3,,0,0.1,,3.8,6.6,0,15.28,,1.8,,0,0,12.2,,17.44,8.56,1.6,0,0,14.6,,,,3.6,2.8,1.6,1.4,10.2,,0,,4.6,15,5.3,,0.8,9.9,0,0.6,5,0,0,4.4,3,7.5,,6.1,1.2,8.1,,0,0,10.7,0,,,,9,5.8,,0.8,0,,0,,16.34,,0
11,5.7,,0,0,,3.9,0.4,3.6,7.5,0,,0,0,,0,,0,0,0.3,,15.5,4,0.2,0,0,,1.7,,11.9,6.9,22.7,,0,5.3,5.1,1,0,6.6,0,,0,,,,8.7,,,8.4,5.4,0,14,26.36,,17.3,,22.4,,12.56,,,0,3.1,0.5,2.6,0.6,0.3,,2.1,,,5.7,3.68,0.5,12.5,10.9,,13,,,1.9,16.44,1,10.02,0,,,0,2.6,2,0,4.4,,,0.4,,6.4,0.2,8.4,1.9,,,,0,8,,,0,,1,11.8,14.7,2.5,0,0.6,0,1.9,,1.6,,,,8.5,1,,,1,,2.7,0,0,,0.4,0,,0,9.34,,9.1,0,0,,12.1,4.2,,0,2.6,,2,0,5.7,6.8,,12.9,1.9,,,0,,0.4,38.5,0,6.4,2.2,0,1.5,,2.92,,,,0,,0,3,,0,0.7,,6.3,0.6,,,11.66,6.7,0,15.9,0.4,0,0,12.4,,11.66,0,13.06,4.8,1,0,,7.8,5.9,,,23.8,14.02,6.2,0,,2.8,0,,4.48,,3.4,8.66,1.9,0.7,,2.8,0.9,2.8,0,,10.6,0.5,12.36,0,9.4,,,,6.2,0.5,1.4,0,16.9,0.6,2.4,21.1,0,,3.6,1.2,0,,13.5,0,6.8,3.1,15.3,5,0,1.5,,,0,2.1,13.7,,0,5.7,,9.9,2.9,0,11.2,8.3,-0.4,0,2.6,,9.4,2.6,10.38,10.7,37.3,,,4.8,0.6,3.5,0.7,27.4,11.8,0,2.2,,10.4,0.8,4.9,,12.2,,2.8,,1.6,0,,3.2,3.8,,0,,0,0,7.72,0,1.8,,0,0,,0,0,1.6,0.4,,20.02,0,,0,0,28.8,0.9,0,2.4,0,,25,14.3,0,0.4,0,9,,14.96,0.1,17.6,3.3,0,,0,,0,2.8,0,,,,,6.9,0,0.6,0,0,0.5,,,0,0.5,3.7,0,1.12,9.24,,0,1.1,3.2,0,,,0,0,0,,4.6,,0,1.4,,0.5,0.2,0,,0,,,7.4,1.4,2.9,,0,,,8.8,,1.2,,0.2,0.3,0.2,0,,,0,0,7,20.9,4.2,4.4,18.3,,0,,,0,8.1,2.48,,0.5,,0.4,,,4.8,6.12,0,0.6,0,0.2,,,0,8.1,,0,0,,,1.7,,,,0,,5,,12.98,,,1.7,1,0,2.38,14.88,7.34,,,,0.5,,,0,0.1,0,0,,1,0,0,,0.8,1.2,,,0,3.9,8.2,,,0,16.62,1.3,,11.7,3.1,0,2.5,15,0.1,0,,0.6,,7.5,,5.3,1.8,0,0,,0,2.5,0,,0,0,20,,15.5,6.7,-0.3,8.9,,,,4.6,,41.9,,7.4,,0,1.2,,1.5,1.8,1.2,14.48,,1.8,,0,,6.8,,14.18,0.6,0.7,0.9,0,8.1,,,,2.9,2.4,13.4,0.2,17.1,0,,,5.9,14.8,3.7,,2.8,4.9,6.6,0.7,7.2,0,0,15.6,13.8,0.7,,4.1,1.5,6.9,0,0,3.5,2.7,0,,,0,3.6,2.5,,5.4,8,,6.4,,12.94,,0
12,44.8,,0,0,,20.1,7.9,6.8,0,0,,1.9,0.1,,0,0,0.2,0,2.8,,20.6,11.2,0.5,0,0,,0,0.4,3.6,0,3.3,,3.5,7.6,10.6,3.2,10.4,10.8,0,,0,,,,20,,0.54,23.5,1.6,0,1.5,11.88,,3.8,,21.96,,10.38,,,0,6.9,7.3,1.3,6.3,0,,5.3,,,4.4,9.44,1.7,10.4,4.5,0,5.7,,,6.6,11.42,1.3,15.92,1.4,,,0,0,1.4,,2.3,,,2.5,0,0.4,1.4,3.1,1.9,,,,,17.1,,,,0,0,14.9,10.8,11,0,6.8,0,2.2,,4.3,,,,1.9,10.1,,,3.6,,1,0.5,0.3,,3.6,1.1,,0,6.72,,4.3,0,0,,18.5,14.9,0.9,,2.4,,6.5,0,11.2,0.9,0,2.9,,,,,,0.8,5.8,,4.8,0.9,0.8,3.7,,8.54,0.84,,,0,,0,17.2,,1.8,0,,,0.9,0,1.08,-0.06,6.7,0,0,0,,0,7.1,,14.3,0,16.08,14.1,-0.1,0.5,,20.9,2.8,3.5,,22.5,2.5,2.5,0.4,,14.3,0.2,,5.44,,1.6,1.14,12.7,0,,1.9,1,,0,,3.7,2.4,18.72,0,0.8,0,13.48,,11.8,0,1.4,0,21.8,0.1,16.1,5.1,2.1,,3.2,0.3,0.6,0,3.1,0.3,3,3,6.1,7.8,0,13.9,,,0,-0.8,8,,0,25.2,,3.2,18.8,0,2.5,0.6,0,0,5,,15.8,0,24.34,4.8,12.9,,,7.7,0.5,3.8,0.6,22.3,12.4,0,9.8,0,4,,6.8,,9.7,,0,,1.9,1.9,,2.5,1.6,,0,,0,3.6,12.08,1.4,1.2,0.1,0.2,0,,0,0,0,6.6,,16.2,0,-0.2,0.5,2.6,13,6.1,0,0.8,0,,4.76,7.9,12.9,0,1.9,6.52,,9.12,0,13.8,2.1,,,0,,2.6,4.3,0,0,,,0,19.6,1,,,0.7,0,19.1,0,0,0.7,8.5,7.5,,9.6,0,0,2.4,3.5,2.7,0,,0,0,0,,1,,0,3.9,,0.6,9.1,0,,2.6,1.2,,7.9,3.2,3.7,,2.3,,,0.5,,0.6,,0,7,6.1,0,,,0,0,16.7,21.2,2.8,7.1,3.7,,4.3,0,,0,0.3,15.64,,1,,0,0.2,,2.1,11.64,1.8,0,,0.2,,,,1.9,,1.9,0,,0,5.9,,,,0,,8.9,,3.22,,,14.2,0.6,0,,4.46,31.84,0,,,0.5,,,0,0.7,9.4,0,,0,0.3,0,,1.3,0,1.6,,0,0,3.9,,,,5.92,-1,,8.1,1.6,,3.9,9.8,0.3,0,,0,,0.9,,,6.3,1.5,0,,0,2.8,0,,0,0.1,23.1,,10.1,5.6,,1.3,0,,,0,,28.16,,,,0,,,1.6,1.8,0,19.96,,8.3,,0,,5.5,,,,2.2,0,0,3.3,,,,2.4,4.9,14.7,2.6,13.7,,,,4.2,23,2.3,,0.1,1.4,5.2,,1.2,0,,7.8,8.6,0.7,0.7,2.9,3.1,12.6,2,0.2,0,4.9,0.3,,,0,5.2,3,0.1,3.3,1.2,,0,,30.86,,0
13,6.7,0,0,0,,15.2,7.6,1.9,1.8,0,17.24,1.4,0.1,0.1,0,,4,0,11,,19.6,14.3,,0,,,2.2,0,4.3,1,1.2,14.1,8,4.7,12,0,2.1,23.3,0,,0,,,,3.2,2.8,,12.1,1.2,0.1,0,11.1,,2.6,,12.84,,6.82,,,0,14,,2.4,13.5,0,,13.9,,,4.2,14.56,2.3,10.3,40.8,,11.2,,,2.1,10.18,1,1.78,0.5,,,0,2.1,,,12.1,,,0,0,,0,2.9,6,,,0,,2.8,,,,,0,1.2,0,15.9,0,3.1,0.9,2.4,,12.2,,,,3.6,1.6,,10.72,0,,3,0,0,,1.1,2.1,10,0,19.76,,21,1.1,0,,10.6,10.1,17.8,0,0.9,,0,0,8.7,,0,9.6,,,,,,0.5,4.5,0,11.8,0,14.2,5.9,,11.86,,,,0,,0,10.6,,5.6,0.4,,,1.8,0.4,,9.08,18.3,1.2,,2.8,,1.2,4.4,,25.68,0,19.56,15,1.2,0,,5.2,0.3,22.5,,6.8,3.6,2.4,3.5,,14,0,,25.88,,0.3,-5.54,1.3,0.5,,3.3,0,0,0,,1.9,,10.58,,23.2,1.6,4.72,,2.9,0,14.7,0.4,1.4,0,0,10.2,5.1,,0.5,1.3,,,1.8,0,17.5,0.6,1.8,24.9,0,16.6,,,0,,9.1,,0.9,16.5,1.6,0.8,8.1,0,11.5,10.3,0,0,1.4,,0.5,0,-4.78,3.8,9.1,,,,2.3,12.5,0,13.6,6.4,,6.9,0.4,3.5,14.2,18.8,,3.2,0,,,7.5,0.8,,0,17.7,,0,,0,0,11.46,0,3.1,,0.5,0,,0,0,0,9.9,,11.44,1.7,,,1.4,8.7,0,0,2.6,0,,13.96,10.2,0.8,0,2.3,19.5,,14.54,0,1.4,13.1,,,0,,0.5,15,0,0,0,,,14,1.7,2.4,1.5,0,0.8,8.7,,,0.8,1.4,4.2,,15.78,,,0,8.7,2.4,0,,,0,0,,6.4,0,0,5.7,,0.7,6.7,0,,4.4,18.3,1,0.3,2.1,0.5,,,,,,,0.7,,0,0,16.7,0,,0,,0,8.4,13.06,2.9,1,8.6,,3.3,2.6,,0,0,14.52,,,,0,0.4,,0.6,0,0,0,0,2,,,,7.7,,0.6,0,,0,1.2,,,5,0,,12.8,,10.3,,,3.7,0,2.1,,14.12,7.28,,,0,6.5,,,0.5,2.5,3.1,0,1.5,0,0,0,,1.2,0,0.9,,0.7,20.1,12.5,,,0.4,4.84,4.6,,0,0.7,0,0.6,12.9,0,0,,0,,17.1,,0,1.2,0,0,0.8,1.1,0.8,0,,0,0.5,10.1,,7.6,0.9,,4.4,0,,,1.2,,31.2,,,,6.2,,,1.9,1.8,0,18.78,,1.8,0.5,0,0,1.7,,,,0,0.5,0,,,,,12.6,7.8,4.1,2,5.7,,,,4.4,18.4,0.5,0,3.7,0,3,,3.3,0,0,5.7,23.5,1.2,0,4.6,4.6,5,0,,,2.6,6.6,,,0.9,2.6,7.3,,7.6,9.5,0,0,,18.32,0,0
14,3.6,,0,0,,8.2,1.6,2.4,1.2,0,13.44,1,0.1,,0,,1,0,1.7,,-0.1,11.8,,0,,,0,-0.2,1.1,0,4.6,13.1,11.3,1.9,6.4,0,12.2,18.5,0,3.1,1.4,,,,4.7,,,16.3,4,1.3,0,3.12,,5.4,,34.76,,11.06,,4.4,0,7.3,,2.5,6.2,0,,3.9,,,0.4,24.24,6.5,13.7,22.2,,1.2,,0,3,11.08,1.4,6.2,20.4,,,0,0,,0.48,1.1,,,0,0,,1.8,17.2,,0.8,,0,,12.7,,,4.8,,,4.6,0.8,3.7,0.2,0,0,0.1,,3,,,,15.9,6.8,,15.52,2.5,,8.3,0,0.5,,6.6,14.3,21.9,0,,,8,0,0,,30.1,21.4,2.9,0,0.1,,0.9,0,7.2,,,14.6,,,,,,0.8,15.1,0,3.9,0,2.8,4.1,,19.42,,,,0.5,,0,13.9,,0.5,,,2.6,1.1,,,,8.4,0,,0,,2.6,6.4,,15.26,0,1.56,22.4,0,0,,15,,3.1,,22.8,5.64,2.3,0,,15,,,8.12,,12.5,18,16.4,0,,2.8,9.8,0,1.1,,0,,12,1,10.1,0.9,24.92,,3.3,0,2.1,0,15.5,0.2,9.1,21.5,0.2,,0.3,3.2,0,0.3,8.1,0,19.5,0.5,,5.7,0,17.8,,,0,,12,,0,25.9,,9.5,1.6,0.5,18.1,0.6,0,0,5,,6.8,-0.2,11.36,14.1,10.1,,,,2.3,5.1,0,12.4,24.2,,3.3,8.7,18.6,12.4,0.7,,16.2,0,,,11.1,23.3,,0,1.3,0,0,,0,0,9.76,0,3.1,0,0.6,1.6,,0,1,1.1,0.3,,14.98,4.9,,,0.7,14.1,1.9,0,4,0,,14.18,2.1,1.2,0,4.5,19.58,,16.62,3.3,,1.9,,,0,,10.2,6.8,0,0,0,0,0,12.6,1.4,,,0,0,18.5,,,0.7,3.1,1.3,,16.52,0,,1.2,0,0.4,0,,,0,0,,2.9,0,1.5,7,,0.7,22.2,0,,2.8,3.4,1.1,0.7,1.8,11,,,,,,,8.4,,0,1.2,3.6,0,,0.4,0,0,11.6,13.88,3.4,7.1,28.3,,1.1,1.9,,13.1,0.7,8.98,,,,10.4,1.9,32,7.7,0,0,0,0,0.3,,,,1.6,2.3,1.1,0,,,16.1,3.32,,1.1,0,,8.9,,19.26,,,4.5,0.4,0,,19.4,10.06,,0,0,7.3,,,0.8,,0.8,0,18.6,0,0.1,,,0.3,0,0,,0.9,0.1,10.9,,,1.7,8.44,0.6,,7,,0,2,6.7,0.4,0,,0,,9.1,,,0.7,0,0,1,0,1.2,0,,0.6,0.4,,0,19.1,3,,6.5,0,,,0,,29.2,,,,1.8,,,7.5,3.2,0.6,4.7,,1.7,0,0.6,3,5.2,,,,0,0.5,0,,0,0.9,,8.3,12.7,0.5,4.7,11,,0,16.52,-0.1,12.6,3.4,,,1.7,0.6,0.3,0,0,0,5.3,4.6,3.3,0,0.5,1.6,7.3,0,0,2.3,,0.7,,,1.2,1.9,3.3,-0.06,0,0.2,0,,,21.32,1.7,0
15,7.9,,0,,,13.3,0,9,5.2,2.7,12.92,2.2,-0.2,1.5,0,,2.1,0,3.3,,21.6,16.4,,0,,0.44,2.6,0.82,11.5,1.2,18.1,4.1,0,0,11.3,0,3.3,16.2,0,0.6,0,,,,6.5,,16.72,0.2,0,1.3,0,12.56,,5.4,,6.58,,2.92,,,0.3,13.7,,0.4,5.8,0.6,,1.6,,,11.7,5.48,1.2,12,3.3,,2.5,,0,0,12.56,,-2.92,1.5,,,0,3,0.6,0.8,1.1,,,0,,,24.5,4.1,,,,0,,20.3,,,8.4,,,8,3.8,5.6,0,0.9,0,0.1,,5.9,,,,8.7,0,,17.44,0.9,,10.5,0,2.8,,0.3,7.5,16.1,0,,,8.1,0,0,,20.5,7.7,3.1,0,1.8,,0,2.7,7.5,,,12.8,0,,0,,,2.8,12.7,0,5.3,0,,18.8,,0.86,,,0,0.9,,2.9,7.7,,,,,4.7,0,,,0,2,3.1,,6.6,,5.4,16.7,,13.08,0,11.62,0.7,0,1.8,,9.6,,5.3,,23.8,1.48,0,0,,12.3,,,5.7,,16.9,21.56,8.7,0,,0,1.6,,2,,5.1,,-2.5,0,26.6,0,9.1,,5.8,0.6,2,0,2,0,0,3.9,0,,0,11.5,,3.6,2.5,0,5.9,0.8,,11.5,0,4.9,,,0,0,,,0.7,24.7,11.08,6.6,8.2,,13.2,9.7,0,0,0.5,,2.8,0,7.84,3.3,3.8,,,,1,4.5,0.2,9.3,15.6,,0,0,2.6,,7.2,0,14.4,0,,,10.6,0.6,,1.1,4.3,0,0,,0,0,4.8,0,0.4,,0,1.7,,0,0,1.5,2.4,,6.86,7.7,3.92,,1.8,17.4,2.7,0,3,0,,21.1,2.9,0.7,0,,7.28,,28.28,0,,6.4,0,,0,,,2,0,0,,,0,12.8,7,0,,0,0,7.9,0,,3.4,4.1,3.3,,0,0.8,,2.6,2.5,2.1,0.4,,1.5,0,0,,11.3,1.3,0,17.4,0,1.4,8.3,0,,,9.7,0,2.6,7.3,8.5,,0,,,,,1.3,,0,0,,0,,0,0,1.1,18.9,8.14,1.6,2.6,19.2,,0,,,0.6,0.9,16.66,0,,,1.3,,0.4,3.5,0,2.1,,0,1.1,,,,0.6,0.7,0,0,,,3.4,20.72,,10.4,,,7.8,,-0.32,0,,,3.3,0,,16.2,17.02,,0,0,12.2,,,0,,,-0.68,5.8,0,0,,,0,0,0.3,,0.8,,7,,,8.4,23.78,1.9,,5.4,,,10,5.6,0,0,,0,,0.5,,0,12.4,0,0,,4.2,0.3,0,,0,0.8,3.8,0,3.7,14.1,-0.4,3.1,2.4,,0,0,2.5,32.4,,,,0,5.8,0,0.7,3.5,0.9,29.08,,4.8,0,0.9,,14.4,0.6,0,1.24,0.6,1.4,0,5.9,,1.9,,0.5,1.4,,8.6,14.4,0,0,4.8,5.6,25.7,0,,0.9,10.4,2.1,0,1.2,0,0,3.8,1.3,16,4.2,0.8,8.8,1.1,0.6,,7.4,0.84,1.1,,1.6,0,6.1,5.6,,2.7,4,0,0,,3.8,,0
16,10.8,,0,0,,26.2,0,5.6,2.6,0,-3.18,0.9,2.2,0,0,,1.1,0,1.1,0,0.3,8.3,3.6,0,,,0,1.96,5.5,0,14.2,5,0,,5.7,,10.3,28.4,0,,0,,,,6.4,,0,,,0.4,2.8,17.06,,6.1,,9.18,0,,0,,1.6,2.7,12.5,4.4,20.8,2.6,,,,0.9,11.1,34.22,0,11.5,20.9,9.9,1.5,,0,9.1,11.1,0.8,11.92,,,,0,0.9,3.1,0,1.6,,0.7,0.9,,,3.6,16.8,,,,,0,0.9,,,9.7,,,13.7,4.6,11.7,0,2.9,0,0.5,,3.9,,,,10.6,2.5,,13.06,,,0.1,0,2.7,,8.3,9.1,27.6,0,,,9,0,0,0,29.2,9.9,9.2,,9.7,,0,0,3.8,,0,0.7,-0.9,,6.5,,,0.1,12.4,0,9.7,1.3,,2,,7.3,,,,1.3,,0.7,15.3,,2.9,,,10.7,4.3,,,,16.7,1.1,,2.6,0,0,3.4,,15.82,0,12.9,6.3,0,0,,1.7,,6.7,0.2,20.6,0,4.4,1.2,,6.9,,,7.82,2.04,0,11.88,3.7,3.5,,2.8,0.5,0,0,,7,0,1.68,0,23.2,1.5,4.56,,5,0.6,0,0,0,0,9,13.5,0.5,,-0.2,6.7,,0,9,0,5.4,0.4,,,0,15.4,,,0,-0.2,,,0,37.2,2.3,22.5,,0.9,10.8,1.1,0,0,0.2,,4.8,0.8,,5.3,3.2,,,0,0,2.1,0,19.5,20,,16.1,0,4.8,,12.9,0,7.2,0,,,5.8,0.3,,2.3,7.1,0.9,0,,6.1,1.8,23.22,0,0,,0,0,,0,7.8,4.1,3,,10.48,4,8.16,,2.9,15.8,0,0,0,0,,10.64,0,0,0,,4.96,,20.1,0,11.8,7.1,,,0,,6.9,1,0,0,,,,18.2,4.7,0.4,,0,0,17.5,1.1,,0.7,10.6,0,,18.24,0,,0,7.2,0,0,,6.9,,0,,1,3.3,0,0.4,0,0.3,3.7,0,,,2.9,0,0,3.4,6.4,0,,,,,,0.9,,0,3.1,2,0,,0,,0,8.3,12.96,,4.8,2.9,,0,,,0,0,16.08,0,,,7.2,,0.5,16.7,0,0,0,0,0.4,,,,7.3,,1.9,0,,,2.1,6.38,,8.5,1.8,,2.1,,15.84,,,0,0,0.3,,9.54,9.88,,0,0,3,,,0,,,0,8.6,0,9.5,,,0.1,,,,0,7.8,-0.3,,,4.5,5.6,1.2,,7.7,,,0.5,-0.5,0,0,,0,,5.1,,0.4,2.4,0.7,0,,4.5,0,0,,0,0.1,6.7,5.2,,0.9,,0.7,14.3,,,0,0.2,13.3,,,,0,2.9,0,0,1.4,0,3.56,,8.2,1.9,1.1,,11.5,0,0,5.04,2.1,0,,7.9,4,0,,13.4,0.9,,2.6,2.7,0,0,5.28,1.1,12.8,,,3.3,1.2,0.4,6.5,4.4,0,0,,8.7,10.5,2.2,2.1,0.9,13.9,0,,0.1,1.5,1.7,,0,0,2.7,5,,2.8,,0,0,,27.42,,0
17,9.3,,0,0,,16.6,0,0.4,0,0,,4.7,0,1.4,0,10,4,0,7.9,0,9.8,43.8,,0,,,23.7,,6,0.5,10,7.5,7.5,1.1,13.1,,1.7,20.4,0,,3.7,,,,13,,,4.6,0.6,0,13.5,12.9,,3.8,10.3,1.84,2.5,3.44,0,,0,0,12.5,7.3,6.6,1,0.6,,,,0.1,13.92,0.5,2.6,9.3,0,19.4,,0,0,17.8,,0.64,,0,,0,7.4,4.9,0.5,4.6,,,0.8,,5.6,0,2.6,,,,,0,2.4,,,0,,,4.9,,5,0,7,0.2,0.6,,12.4,,,,4.7,3.9,,11.1,,,2.7,0.8,1.9,,0.4,1.2,0,0,15.98,,24.6,0,0,,12.2,7.7,8.5,0,5.6,,0.6,,13.5,,0,5.3,0.3,0,2.7,,,2.8,20.5,0,8.8,0,,,,13.4,25.14,,,1.6,,,9.3,0,1,,,15.1,0,0,,9.08,16.2,4.2,,0.9,,1.2,17.8,,1.16,0,9.1,11.6,3.4,0,,10.9,0,2.1,,18.5,,0.6,0,21.24,11,,,8.44,4.96,-0.1,-4.78,12.3,0.6,,0.3,0.9,0,0,,6.7,-0.2,,0.9,13.4,2.8,12.54,,6,0.3,1.7,0,7.1,0.3,18.4,10.5,0,,0,0.4,0.3,8.7,18.4,0,9,2.4,,4.4,0,4.4,2.16,,0,2.9,,,0,40.6,17.92,8.8,2.5,1.5,12.6,1.9,0,0,,,1.2,1.9,0.48,7.6,5.3,0,,1,0,2.4,0,34,5,0,5.3,6.9,2.7,,10.4,0,2.4,0,,,,1.4,,0.4,20.4,0.8,0,,0,1.1,28.74,0,0,,3,0,,0,3.3,1.5,0.3,,,,11.3,,5.2,8.1,1.3,0,,1.3,0.2,10.48,1.1,0.7,1.8,0,7.84,,26.38,0,12.9,2,,-0.5,10.32,,11.8,2.6,0,0,,,7.2,,2.7,3.9,,0.2,0,2.3,0.7,,,11.5,4.7,,7.64,0,,3.3,0,0,0,2.2,4.1,,0.9,,6.7,2.4,0,3.7,0,4.7,1.9,,0,,16.3,0,1.1,5.3,2.7,0,,,3.3,,,5.2,,10,,9.1,0,,4,0,0,17.7,17.74,6.2,2.9,26.5,,5,,0,0,3.1,10.28,,,,3.7,,0.7,10.9,-1.8,0,0,0,4,,,,2.5,,0,0,,,11.22,11.8,,0.3,0,,4.2,,15.44,,,,1.9,0,,14.8,20.44,,0,,0.1,0,,0,,0,11.1,11.4,0,8.4,,,7.5,,,,0.8,1.3,,,0,,10.56,2.3,,0,,,5.9,22.6,0.8,0,,0,3.1,0,,,5.4,6.4,0,,3.3,0.9,0,,0.9,2.4,9.5,17.1,11.2,11.4,5.06,0.3,0,,,0,,8,,,,1.3,8.8,,1.5,0,0.6,8.94,-0.14,3.3,0,2.6,,2.5,,,,0,,,8.1,18.24,0.9,,13,2.1,,1.9,7,0,0,,2.3,3.2,,,0.4,9,0.5,0,2.8,0,0,,5.9,1.5,8.8,0.7,9,22.4,3.2,,,3,1.9,,1.6,0.4,9.3,6.2,0,2.5,,0,0,,13.98,,0
Grand Total,11.7875,0.3,0,0,0.5,13.64,1.75,2.725,2.53125,0.3,8.084,1.98,0.48125,0.469230769,0,1.6,1.173333333,0,3.375,0,11.3125,15.16875,6.258333333,0.1375,0,0.44,3.525,5.1475,5.56875,1.09375,8.766666667,9.692307692,5.73125,2.518181818,7.073333333,1.221428571,7.6,11.86875,0,1.85,0.475,1.825,12.22666667,0,9.19375,1.92,7.76,8.042857143,1.822222222,0.246666667,4.62,13.96,0,7.107142857,10.3,16.37,1.25,6.575,0,3.2,0.193333333,8.625,12.18461538,4.0125,7.9875,1.213333333,9.896,6.521428571,2.65,0.9,4.88125,16.0275,1.95,10.58666667,11.04375,1.98,6.28125,0.557142857,0,3.425,12.94,1.171428571,10.12375,3.964285714,0,2.133333333,0.09375,2.33125,2,0.28,6.325,0.733333333,0.35,0.657142857,0,5.058333333,6.1625,7.55625,3.808333333,0.5,0.45,0,0.466666667,9.2,3.49,0,10.84285714,1.671428571,1.041666667,6.8375,3.82,8.4125,0.053333333,4.725,0.6375,1.35,-1.69,7.875,0.78,11.79,0,4.81875,4.51875,0,13.568,4.657142857,0,4.107692308,0.08125,2.742857143,4.9,2.18,4.5,8.990909091,0,12.26153846,0,10.86875,0.528571429,0,0,14.23125,11.19375,8.335714286,0.1,2.436363636,0,1.428571429,0.266666667,10.0625,1.555555556,0,7.81875,0.488888889,0,5.057142857,0,0,1.31875,11.075,0.006666667,5.0625,0.7875,3.56,4.393333333,0.188888889,12.51875,12.99,2.275,0,0.425,2.1,0.645454545,10.04615385,0,2.3,3.25,0,8.828571429,1.45,0.32,1.08,10.26142857,9.0375,4.053333333,3.944444444,2.02,0.85,0.9125,9.2875,0,12.1325,0.121428571,10.58181818,9.15,1.9,0.9875,2.14,8.8625,1.990909091,8,0.2,17,7.181428571,2.958333333,0.39375,10.62,12.8,0.141666667,0,8.6975,1.383333333,3.2125,11.22,6.071428571,1.75625,2.466666667,1.223076923,2.233333333,0.4,0.19375,0,3.5,1.07,9.985454545,0.271428571,13.0375,1.133333333,12.55666667,2.471428571,7.03125,0.19375,2.30625,0.575,8.607692308,0.442857143,8.807692308,12.20714286,3.38125,0,1.74375,2.86875,0.15,1.4,5.98125,0.027272727,11.175,1.59375,9.19,8.9625,0,11.62142857,11.742,0,0.5,2.95,11.96923077,0.2,0.445454545,20.5875,8.225,5.18125,7.413333333,0.3625,10.85,5.3625,-0.026666667,0,5.8,0.871428571,9.13125,1.490909091,8.68,6.10625,11.33125,0,0,3.169230769,0.95625,6.86875,0.907142857,20.86875,13.45625,0.063636364,3.91875,1.4,9.1625,14.075,6.264285714,0,10.765,0,6.28,0,5.192307692,2.06,0,1.9625,7.35,0.425,0,0.9,0.508333333,1.16875,14.745,0.29375,1.7875,0.05,0.446666667,0.366666667,0.283333333,0,1.008333333,1,2.0625,13.41,11.565,3.266666667,5.795,0.125,2.925,11.16875,1.328571429,0,2.433333333,0.08125,0.1,11.8775,6.571428571,1.373333333,0.341666667,1.642857143,11.99125,0,19.3425,1.7,9.707142857,2.94,2.890909091,-0.5,0.645,0,3.215384615,5.4125,0,0,0,0,1.8,12.36666667,2.54375,3.178571429,0.5,0.486666667,1.225,10.75714286,0.416666667,0.2,1.2,5.125,2.66875,20.508,11.24375,0.16,0.69,1.29,4.33125,0.475,0.57,0.8625,1.183333333,0.61,0.069230769,0.25,4.40625,0.636363636,0.193333333,4.8,0,4.0625,5.183333333,0.146666667,0,5.638461538,8.8,0.416666667,3.89375,2.2,7.26875,0,0.191666667,0,3.3,3.566666667,0,1.76875,0.711111111,1.171428571,2,6.107142857,0,0,0.88,0,0.65625,12.25,15.70625,4.52,3.925,16.725,0.1375,2.8625,1.5,0.5,1.238461538,1.173333333,11.355,0,1.65,4.25,1.55625,0.625,3.208333333,4.4375,7.185,0.325,0.666666667,0,1.00625,0,13.9125,0.475,3.75,1.5,0.892857143,0,0,0,4.52625,10.555,0,4.176923077,0.284615385,0,7.45,1.366666667,13.15125,0,2.225,6.21,1.76875,0.258333333,1.47,12.55466667,11.02,5.275,0,0.133333333,2.525,0,0.466666667,0.275,1.036363636,4.021428571,0.65125,4.069230769,0.257142857,2.0875,0,0,1.35,0.25,0.414285714,0.385714286,0.50625,2.273333333,6.953333333,6.7,0,3.071428571,10.89375,1.025,0,5.69375,2.4,0,4.29375,12.62142857,0.21875,0,0,0.06,3.1,8.541666667,0,1.675,4.281818182,1.125,0,3.625,1.455555556,2.3,0,0.78,0.09375,0.9625,12.42666667,5.575,11.65333333,5.225,1.453333333,3.98125,1.46,1.285714286,0,1.31875,0.55,26.69375,6.75,2.7,2.81,0.886666667,5.146153846,0,1.98125,2.692857143,0.3875,16.81,-0.14,3.63125,0.48,0.425,0.428571429,10.91875,0.3,7.475555556,4.673333333,1.01875,2.193333333,0,9.75,9.911428571,0.7875,3.5,7.25,5.45,6.330769231,2.56875,11.5625,0.23,0.08,8.866666667,4.66875,17.17333333,2.164285714,1.825,2.338461538,3.1625,2.7875,2.471428571,4.025,0,0,7.528571429,7.184615385,3.225,1.9875,1.83125,5.55625,10.825,0.864285714,0.04,3.25,3.909333333,1.95,0.066666667,0.8,0.236363636,6.59375,5.0875,0.008,3.33125,2.084615385,0,0.457142857,0,13.81066667,0.85,0
